WaferID,2009BRSN003.000
GPIBB1500,
GPIBProbeStation,
GPIBMatrix,
Mainfolder,C:\Users\ml260320\Documents
Subfolder,Slot2_RF
DeviceName,Vg_1p2_BrstPul2
FailingConditions,
DieSizeX,12.0
DieSizeY,15.0
WaferSize,300
WaferMapVariable,resistance
CenterLocationX,0.0
CenterLocationY,0.0
DieFile,C:/Users/ml260320/Documents/t-3000/DieFileCenterRegion.csv
DieMap,-1
XPitch,0
YPitch,0
NumXdevices,1
NumYdevices,10
DeviceStartX,1
DeviceStartY,1
MultipleDev,False
Dies,[[-2, -2], [-2, 0], [-2, 2], [0, -2], [0, 0], [0, 2], [2, -2], [2, 0], [2, 2]]
SpecFile,
SpecCode,HfO2_Cl_7nm
DoYield,False
MeasFile,Measurements.csv
CurrentDie,False
MatrixConfiguration,None
MatrixFile,
UseMatrix,True
ApplyParametersB1530,False
Measurements,[{'Name': 'PulseRead', 'Folder': 'ReRAM', 'VariableName': [' Pulse Channel', ' Ground Channel', ' Read Voltage', ' Delay', ' Read Time', ' Base Time'], 'Default': [' 201', ' 202', 0.2, 1e-05, 1e-05, 1e-05], 'DataType': [' WGFMUChannel', ' WGFMUChannel', ' float', ' float', ' float', ' float'], 'Tools': [' B1530A']}, {'Name': 'PulseForming', 'Folder': 'ReRAM', 'VariableName': [' Pulse Channel', ' Ground Channel', ' Forming Voltage', ' Delay', ' Rise Time', ' Fall Time', ' Pulse Width', ' Base Time', ' Meas. Points', ' Read', ' Read Time', ' Read Voltage'], 'Default': [' 201', ' 202', 5.0, 0.01, 0.01, 0.01, 0.0, 0.01, 100, True, 1e-05, -0.2], 'DataType': [' WGFMUChannel', ' WGFMUChannel', ' float', ' float', ' float', ' float', ' float', ' float', ' int', ' bool', ' float', ' float'], 'Tools': [' B1530A']}, {'Name': 'PulseSet', 'Folder': 'ReRAM', 'VariableName': [' Pulse Channel', ' Ground Channel', ' Set Voltage', ' Delay', ' Rise Time', ' Fall Time', ' Pulse Width', ' Base Time', ' Meas. Points', ' Read', ' Initial Read', ' Read Time', ' Read Voltage'], 'Default': [' 201', ' 202', 2.5, 1e-05, 1e-05, 1e-05, 0.0, 1e-05, 100, True, False, 1e-05, -0.2], 'DataType': [' WGFMUChannel', ' WGFMUChannel', ' float', ' float', ' float', ' float', ' float', ' float', ' int', ' bool', ' bool', ' float', ' float'], 'Tools': [' B1530A']}, {'Name': 'PulseReset', 'Folder': 'ReRAM', 'VariableName': [' Pulse Channel', ' Ground Channel', ' Reset Voltage', ' Delay', ' Rise Time', ' Fall Time', ' Pulse Width', ' Base Time', ' Meas. Points', ' Read', ' Initial Read', ' Read Time', ' Read Voltage'], 'Default': [' 201', ' 202', -1.5, 1e-05, 1e-05, 1e-05, 0.0, 1e-05, 100, True, False, 1e-05, -0.2], 'DataType': [' WGFMUChannel', ' WGFMUChannel', ' float', ' float', ' float', ' float', ' float', ' float', ' int', ' bool', ' bool', ' float', ' float'], 'Tools': [' B1530A']}, {'Name': 'PulseIV', 'Folder': 'ReRAM', 'VariableName': [' Pulse Channel', ' Ground Channel', ' Set Voltage', ' Reset Voltage', ' Delay', ' Set Rise Time', ' Set Fall Time', ' Set Pulse Width', ' Reset Rise Time', ' Reset Fall Time', ' Reset Pulse Width', ' Base Time', ' Meas. Points', ' Cycles', ' Read', ' Initial Read', ' Read Time', ' Read Voltage'], 'Default': [' 201', ' 202', 2.5, -1.5, 1e-05, 1e-05, 1e-05, 0.0, 1e-05, 1e-05, 0.0, 1e-05, 100, 10, True, False, 1e-05, -0.2], 'DataType': [' WGFMUChannel', ' WGFMUChannel', ' float', ' float', ' float', ' float', ' float', ' float', ' float', ' float', ' float', ' float', ' int', ' int', ' bool', ' bool', ' float', ' float'], 'Tools': [' B1530A']}, {'Name': 'performEndurance', 'Folder': 'ReRAM', 'VariableName': [' Pulse Channel', ' Ground Channel', ' Set Voltage', ' Reset Voltage', ' Delay', ' Set Rise Time', ' Set Fall Time', ' Set Pulse Width', ' Reset Rise Time', ' Reset Fall Time', ' Reset Pulse Width', ' Base Time', ' Cycles', ' Meas. Points', ' Read Time', ' Read Voltage', ' IV Iteration', ' IV cycles', ' Read End. Cycle'], 'Default': [' 201', ' 202', 2.5, -1.5, 1e-05, 1e-05, 1e-05, 0.0, 1e-05, 1e-05, 0.0, 1e-05, 10000, 100, 1e-05, -0.2, 0, 10, True], 'DataType': [' WGFMUChannel', ' WGFMUChannel', ' float', ' float', ' float', ' float', ' float', ' float', ' float', ' float', ' float', ' float', ' int', ' int', ' float', ' float', ' int', ' int', ' bool'], 'Tools': [' B1530A']}, {'Name': 'setDCVoltages', 'Folder': 'IV-Meas', 'VariableName': [' SMUs', ' Voltages', ' Compliance'], 'Default': [' 3', ' -0.4', ' 10e-3'], 'DataType': [' SMUAr', ' floatAr', ' floatAr'], 'Tools': [' B1500A']}, {'Name': 'setDCVoltE5274', 'Folder': 'IV-Meas', 'VariableName': [' SMUs', ' Voltages', ' Compliance'], 'Default': [' 3', ' -0.4', ' 10e-3'], 'DataType': [' SMUAr', ' floatAr', ' floatAr'], 'Tools': [' E5274A']}, {'Name': 'RetentionTest', 'Folder': 'ReRAM', 'VariableName': [' Pulse Channel', ' Ground Channel', ' Vread', ' delay', ' tread', '  tbase', ' t_total', ' MeasPoints', ' Log', ' tdelta_start'], 'Default': [' 201', ' 202', -0.2, 0.0, 0.0001, 0.0001, 3600.0, 100, True, 0.1], 'DataType': [' WGFMUChannel', ' WGFMUChannel', ' float', ' float', ' float', ' float', ' float', ' int', ' bool', ' float'], 'Tools': [' B1530A']}, {'Name': 'SelectorPulseIV', 'Folder': 'Selector', 'VariableName': [' Pulse Channel', ' Ground Channel', ' Vhigh', ' Vlow', ' delay', ' trise', ' tfall', ' tread', ' tbase', ' MeasPoints', ' Cycles'], 'Default': [' 201', ' 202', 2.0, 1.0, 1e-05, 1e-05, 1e-05, 1e-05, 1e-05, 100, 10], 'DataType': [' WGFMUChannel', ' WGFMUChannel', ' float', ' float', ' float', ' float', ' float', ' float', ' float', ' int', ' int'], 'Tools': [' B1530A']}, {'Name': 'SelectorPulseTest', 'Folder': 'Selector', 'VariableName': [' Pulse Channel', ' Ground Channel', ' Vhigh', ' Vlow', ' delay', ' trise', ' tfall', ' tread', ' tbase', ' MeasPoints', ' IVcycles', ' ReadCycles', ' Repetitions'], 'Default': [' 201', ' 202', 2.0, 1.0, 1e-05, 1e-05, 1e-05, 1e-05, 1e-05, 100, 10, 1000, 10], 'DataType': [' WGFMUChannel', ' WGFMUChannel', ' float', ' float', ' float', ' float', ' float', ' float', ' float', ' int', ' int', ' int', ' int'], 'Tools': [' B1530A']}, {'Name': 'reservoirComp', 'Folder': 'Wilkie', 'VariableName': [' test'], 'Default': [1], 'DataType': [' int'], 'Tools': [' E5274A', ' Matrix']}, {'Name': 'AnalogForm_PGBNC765', 'Folder': 'ReRAM_PG', 'VariableName': [' PG Pulse Channel', ' Osc. Pulse Chan.', ' Osc. Ground Chan.', ' ExpReadCurrent', ' Vform', ' twidthForm', ' Vread', ' tread', ' Rform', ' MaxPulses', ' PowerSplitter'], 'Default': [' 1', ' 1B', ' 2B', 5e-05, 4.0, 0.001, -0.3, 0.0001, 25000.0, 10, False], 'DataType': [' BNC765Chn', ' 740ZiChn', ' 740ZiChn', ' float', ' float', ' float', ' float', ' float', ' float', ' int', ' bool'], 'Tools': [' PGBNC765', ' LeCroyOsc']}, {'Name': 'AnalogRet_PGBNC765', 'Folder': 'ReRAM_PG', 'VariableName': [' PG Pulse Channel', ' Osc. Pulse Chan.', ' Osc. Ground Chan.', ' ExpReadCurrent', ' Vset', ' Vreset', ' twidthSet', ' twidthReset', ' Vread', ' tread', ' duration', ' tseperation', ' Resistance Goal', ' Maximum Pulses', ' Repetition', ' RetentionFailure (%)', ' Power Splitter'], 'Default': [' 1', ' 1B', ' 2B', 5e-05, 2.0, -1.0, 1e-05, 5e-09, -0.3, 1e-05, 300.0, 5, 8000.0, 50, 1, 20, False], 'DataType': [' BNC765Chn', ' 740ZiChn', ' 740ZiChn', ' float', ' float', ' float', ' float', ' float', ' float', ' float', ' float', ' int', ' float', ' int', ' int', ' int', ' bool'], 'Tools': [' PGBNC765', ' LeCroyOsc']}, {'Name': 'AnalogRet_PG81110', 'Folder': 'ReRAM_PG', 'VariableName': [' PG Pulse Channel', ' Osc. Pulse Chan.', ' Osc. Ground Chan.', ' ExpReadCurrent', ' Vset', ' Vreset', ' twidthSet', ' twidthReset', ' Vread', ' tread', ' duration', ' tseperation', ' Resistance Goal', ' Maximum Pulses', ' Repetition', ' RetentionFailure (%)', ' Power Splitter'], 'Default': [' 1', ' 1B', ' 2B', 5e-05, 2.0, -1.0, 1e-05, 5e-09, -0.3, 1e-05, 300.0, 5, 8000.0, 50, 1, 20, False], 'DataType': [' 81110AChn', ' 740ZiChn', ' 740ZiChn', ' float', ' float', ' float', ' float', ' float', ' float', ' float', ' float', ' int', ' float', ' int', ' int', ' int', ' bool'], 'Tools': [' PG81110A', ' LeCroyOsc']}, {'Name': 'AnalogSwi_PGBNC765', 'Folder': 'ReRAM_PG', 'VariableName': [' PG Pulse Chan.', ' Osc. Pulse Chan.', ' Osc. Ground Chan.', ' Exp. Read Current', ' Set Voltage', ' Reset Voltage', ' Set Pulse Width', ' Reset Pulse Width', ' Read Voltage', ' Read Pulse Width', ' Set R Step', ' Reset R Step', ' Max. Resistance', ' Set Max. Pulses/Step', ' Reset Max. Pulses/Step', ' Res. Round', ' # of Repetitions', ' Power Splitter'], 'Default': [' 1', ' 1B', ' 2B', 5e-05, 2.0, -1.2, 5e-09, 5e-09, -0.3, 1e-05, 250.0, 250.0, 10000.0, 100, 100, True, 10, True], 'DataType': [' BNC765Chn', ' 740ZiChn', ' 740ZiChn', ' float', ' float', ' float', ' float', ' float', ' float', ' float', ' float', ' float', ' float', ' int', ' int', ' bool', ' int', ' bool'], 'Tools': [' PGBNC765', ' LeCroyOsc']}, {'Name': 'AnalogSwi_PG81110', 'Folder': 'ReRAM_PG', 'VariableName': [' PG Pulse Chan.', ' Osc. Pulse Chan.', ' Osc. Ground Chan.', ' Exp. Read Current', ' Set Voltage', ' Reset Voltage', ' Set Pulse Width', ' Reset Pulse Width', ' Read Voltage', ' Read Pulse Width', ' Set R Step', ' Reset R Step', ' Max. Resistance', ' Set Max. Pulses/Step', ' Reset Max. Pulses/Step', ' Res. Round', ' # of Repetitions', ' Power Splitter'], 'Default': [' 1', ' 1B', ' 2B', 5e-05, 2.0, -1.2, 5e-09, 5e-09, -0.3, 1e-05, 250.0, 250.0, 10000.0, 100, 100, True, 10, True], 'DataType': [' 81110AChn', ' 740ZiChn', ' 740ZiChn', ' float', ' float', ' float', ' float', ' float', ' float', ' float', ' float', ' float', ' float', ' int', ' int', ' bool', ' int', ' bool'], 'Tools': [' PG81110A', ' LeCroyOsc']}, {'Name': 'AnalogSwi_PGBNC765_Burst', 'Folder': 'ReRAM_PG', 'VariableName': [' PG Pulse Chan. Set/Reset', ' PG Pulse Chan. Read', ' Osc. Pulse Chan.', ' Osc. Ground Chan.', ' Burst Pulse # Set', ' Burst Pulse # Reset', ' Exp. Read Current', ' Set Voltage', ' Reset Voltage', ' Pulse Period Width', ' Set Pulse Width', ' Reset Pulse Width', ' Read Voltage', ' Read Pulse Width', ' Pulse Delay Read', ' Res. Round', ' # of Repetitions', ' Power Splitter'], 'Default': [' 4', ' 3', ' 1B', ' 2B', 10, 10, 5e-05, 2.0, -1.2, 1.5e-05, 5e-09, 5e-09, -0.3, 1e-05, 1e-06, True, 10, True], 'DataType': [' BNC765Chn', ' BNC765Chn', ' 740ZiChn', ' 740ZiChn', ' int', ' int', ' float', ' float', ' float', ' float', ' float', ' float', ' float', ' float', ' float', ' bool', ' int', ' bool'], 'Tools': [' PGBNC765', ' LeCroyOsc    ']}, {'Name': 'AnalogSwi_PGBNC765_BurstRead', 'Folder': 'ReRAM_PG', 'VariableName': [' PG Pulse Chan. Set/Reset', ' PG Pulse Chan. Read', ' Osc. Pulse Chan.', ' Osc. Ground Chan.', ' Burst Pulse # Set', ' Burst Pulse # Reset', ' # of Set Reads', ' # of Reset Reads', ' Exp. Read Current', ' Set Voltage', ' Reset Voltage', ' Set Pulse Period Width', ' Reset Pulse Period Width', ' Set Read Period', ' Reset Read Period', ' Set Pulse Width', ' Reset Pulse Width', ' Read Voltage', ' Read Pulse Width', ' Delay Reset Read', ' Delay Set Read', ' Res. Round', ' # of Repetitions', ' # of Set Reps', ' # of Reset Reps', ' Power Splitter'], 'Default': [' 4', ' 3', ' 1B', ' 2B', 10, 10, 10, 10, 5e-05, 2.0, -1.2, 1e-08, 1e-08, 1.5e-05, 1.5e-05, 1e-09, 1e-09, -0.3, 1e-05, 1e-06, 1e-06, True, 10, 10, 10, True], 'DataType': [' BNC765Chn', ' BNC765Chn', ' 740ZiChn', ' 740ZiChn', ' int', ' int', ' int', ' int', ' float', ' float', ' float', ' float', ' float', ' float', ' float', ' float', ' float', ' float', ' float', ' float', ' float', ' bool', ' int', ' int', ' int', ' bool'], 'Tools': [' PGBNC765', ' LeCroyOsc    ']}, {'Name': 'FEretention', 'Folder': 'Ferroelectric', 'VariableName': [' Pulse Channel', ' Ground Channel', ' Pulse Voltage', ' Delay', ' Pulse Slope', ' Pulse Width', ' Base Time', ' Meas. Points', ' # of Cycles', ' init. Pulse', ' Area'], 'Default': [' 201', ' 202', 2.5, 0.0001, 1e-05, 1e-05, 1e-05, 50, 100, True, 1e-07], 'DataType': [' WGFMUChannel', ' WGFMUChannel', ' float', ' float', ' float', ' float', ' float', ' int', ' int', ' bool', ' float'], 'Tools': [' B1530A']}, {'Name': 'WriteString8x8', 'Folder': 'ReRAMarray', 'VariableName': [' String', ' Pulse Channel', ' Ground Channel', ' Gate Channel', ' Vform', ' Vset', ' Vreset', ' Vgate', ' Pulse Width', ' Vread', ' Read Pul. Width'], 'Default': [' AFRL', 1, 2, 3, 3.3, 2.0, -1.5, 1.0, 0.001, -0.2, 0.001], 'DataType': [' string', ' int', ' int', ' int', ' float', ' float', ' float', ' float', ' float', ' float', ' float'], 'Tools': [' E5274A', ' Matrix']}, {'Name': 'Forming8x8', 'Folder': 'ReRAMarray', 'VariableName': [' Forming Channel', ' Ground Channel', ' Gate Channel', ' Vform', ' Vread', ' Vgate', ' Form. Pul. Width', ' Read Pul. Width'], 'Default': [1, 2, 3, 3.3, -0.2, 1.5, 0.001, 0.001], 'DataType': [' int', ' int', ' int', ' float', ' float', ' float', ' float', ' float'], 'Tools': [' E5274A', ' Matrix']}, {'Name': 'Reset8x8', 'Folder': 'ReRAMarray', 'VariableName': [' Reset Channel', ' Ground Channel', ' Gate Channel', ' Vreset', ' Vread', ' Vgate', ' Reset. Pul. Width', ' Read Pul. Width'], 'Default': [1, 2, 3, -1.5, -0.2, 1.5, 0.001, 0.001], 'DataType': [' int', ' int', ' int', ' float', ' float', ' float', ' float', ' float'], 'Tools': [' E5274A', ' Matrix']}, {'Name': 'Set8x8', 'Folder': 'ReRAMarray', 'VariableName': [' Set Channel', ' Ground Channel', ' Gate Channel', ' Vset', ' Vread', ' Vgate', ' Set. Pul. Width', ' Read Pul. Width'], 'Default': [1, 2, 3, 2.5, -0.2, 1.5, 0.001, 0.001], 'DataType': [' int', ' int', ' int', ' float', ' float', ' float', ' float', ' float'], 'Tools': [' E5274A', ' Matrix']}, {'Name': 'Cycle8x8', 'Folder': 'ReRAMarray', 'VariableName': [' Set Channel', ' Ground Channel', ' Gate Channel', ' # of Cycles', ' Vset', ' Vreset', ' Vread', ' Vgate', ' Set. Pul. Width', ' Reset. Pul. Width', ' Read Pul. Width'], 'Default': [1, 2, 3, 10, 2.5, -1.5, -0.2, 1.5, 0.01, 0.01, 0.01], 'DataType': [' int', ' int', ' int', ' int', ' float', ' float', ' float', ' float', ' float', ' float', ' float'], 'Tools': [' E5274A', ' Matrix']}, {'Name': 'ImageWrite8x8', 'Folder': 'ReRAMarray', 'VariableName': [' Image File', ' Set Channel', ' Ground Channel', ' Gate Channel', ' Vset', ' Vread', ' Low Vgate', ' High Vgate', ' Set. Pul. Width', ' Read Pul. Width'], 'Default': [' ""', 1, 2, 3, 2.5, -0.2, 1.2, 2.2, 0.01, 0.01], 'DataType': [' image', ' int', ' int', ' int', ' float', ' float', ' float', ' float', ' float', ' float'], 'Tools': [' E5274A', ' Matrix']}, {'Name': 'Retention8x8', 'Folder': 'ReRAMarray', 'VariableName': [' Log', ' Read Channel', ' Ground Channel', ' Gate Channel', ' Vread', ' Vgate', ' Retention Time (s)', ' Delay (s)', ' Meas. Points'], 'Default': [True, 1, 2, 3, -0.2, 1.5, 3600, 1, 1000], 'DataType': [' bool', ' int', ' int', ' int', ' float', ' float', ' int', ' int', ' int'], 'Tools': [' E5274A', ' Matrix']}, {'Name': 'IVsweep', 'Folder': 'IV-Meas', 'VariableName': [' Sweep Channels', ' Start', ' Stop', ' Steps', ' Volt. or Cur.', ' Compliance', ' Double', ' Log', ' DC Channels', ' DC Values', ' DC Volt. or Cur.', ' DC Compliance', ' hold', ' delay'], 'Default': [' 1', 0.0, 2.0, 101, ' V', 0.01, False, False, ' 2', ' 0', ' V', ' 10e-3', 0.0, 0.0], 'DataType': [' SMU', ' float', ' float', ' int', ' VorI', ' float', ' bool', ' bool', ' SMUAr', ' floatAr', ' VorIAr', ' floatAr', ' float', ' float'], 'Tools': [' B1500A']}, {'Name': 'SpotMeas', 'Folder': 'IV-Meas', 'VariableName': [' SMUs', ' VorI', ' Val', ' Compliance', ' delay'], 'Default': [' 1,2 ', ' V,V', ' 1,0', ' 10e-3,10e-3', 0.0], 'DataType': [' SMUAr', ' voriar', ' floatAr', ' floatAr', ' float'], 'Tools': [' B1500A']}, {'Name': 'IVsweepE5274A', 'Folder': 'IV-Meas', 'VariableName': [' Sweep Channels', ' Start', ' Stop', ' Steps', ' Volt. or Cur.', ' Compliance', ' Double', ' Log', ' DC Channels', ' DC Values', ' DC Volt. or Cur.', ' DC Compliance', ' hold', ' delay'], 'Default': [' 1', 0.0, 2.0, 101, ' V', 0.01, False, False, ' 2', ' 0', ' V', ' 10e-3', 0.0, 0.0], 'DataType': [' SMU', ' float', ' float', ' int', ' VorI', ' float', ' bool', ' bool', ' SMUAr', ' floatAr', ' VorIAr', ' floatAr', ' float', ' float'], 'Tools': [' E5274A']}, {'Name': 'SpotMeasE5274A', 'Folder': 'IV-Meas', 'VariableName': [' SMUs', ' VorI', ' Val', ' Compliance', ' delay'], 'Default': [' 1,2 ', ' V,V', ' 1,0', ' 10e-3,10e-3', 0.0], 'DataType': [' SMUAr', ' voriar', ' floatAr', ' floatAr', ' float'], 'Tools': [' E5274A']}, {'Name': 'C_SpotMeas', 'Folder': 'CV-Meas', 'VariableName': [' CMU Channel', ' Frequency', ' AC Voltage', ' DC Voltage', ' SMUs', ' VorI', ' Val', ' Compliance', ' delay'], 'Default': [' 1', 100000.0, 0.1, 1.0, ' ', ' ', ' ', ' ', ' '], 'DataType': [' CMU', ' float', ' float', ' float', ' SMUAr', ' voriar', ' floatAr', ' floatAr', ' float'], 'Tools': [' B1500A']}, {'Name': 'CVsweep', 'Folder': 'CV-Meas', 'VariableName': [' CMU', ' Frequency', ' AC Voltage', ' DC Vstart', ' DC Vstop', ' DC steps', ' Double', ' Log', ' hold', ' delay', ' SMUs', ' VorI', ' Val', ' Compliance'], 'Default': [' 1', 100000.0, 0.1, 0.0, 1.0, 11, False, False, 0.0, 0.0, ' ', ' ', ' ', ' '], 'DataType': [' CMU', ' float', ' float', ' float', ' float', ' int', ' bool', ' bool', ' float', ' float', ' SMUAr', ' voriar', ' floatAr', ' floatAr'], 'Tools': [' B1500A']}, {'Name': 'ProbeCardCheck2x12', 'Folder': 'PrbChk', 'VariableName': [' test'], 'Default': [1], 'DataType': [' int'], 'Tools': [' E5274A', ' Matrix']}, {'Name': 'Meas_8x81T1RComp', 'Folder': 'Sarah', 'VariableName': [' test'], 'Default': [1], 'DataType': [' int'], 'Tools': [' E5274A', ' Matrix']}, {'Name': 'test', 'Folder': 'Sarah', 'VariableName': [' test'], 'Default': [1], 'DataType': [' int'], 'Tools': [' none']}, {'Name': 'formingDC', 'Folder': 'ReRAM', 'VariableName': [' SweepSMU', ' GNDSMU', ' GateSMU', ' Vform', ' Vgate', ' steps', ' Compl', ' GateCompl', ' hold', ' delay', ' DCSMUs', ' Vdc', ' DCcompl'], 'Default': [' 1', ' 2', ' 3', 3.3, 1.5, 101, 0.01, 0.001, 0.0, 0.0, ' ', ' ', ' '], 'DataType': [' SMU', ' SMU', ' SMU', ' float', ' float', ' int', ' float', ' float', ' float', ' float', ' SMUAr', ' floatAr', ' floatAr'], 'Tools': [' E5274A']}, {'Name': 'resetDC', 'Folder': 'ReRAM', 'VariableName': [' SweepSMU', ' GNDSMU', ' GateSMU', ' Vreset', ' Vgate', ' steps', ' Compl', ' GateCompl', ' hold', ' delay', ' DCSMUs', ' Vdc', ' DCcompl'], 'Default': [' 1', ' 2', ' 3', 1.5, 1.5, 101, 0.01, 0.001, 0.0, 0.0, ' ', ' ', ' '], 'DataType': [' SMU', ' SMU', ' SMU', ' float', ' float', ' int', ' float', ' float', ' float', ' float', ' SMUAr', ' floatAr', ' floatAr'], 'Tools': [' E5274A']}]
B1530Chn1Mode,2000
B1530Chn2Mode,2000
B1530Chn1ForceVoltageRange,3002
B1530Chn2ForceVoltageRange,3001
B1530Chn1MeasureMode,4000
B1530Chn2MeasureMode,4001
B1530Chn1MeasureVoltage,5001
B1530Chn2MeasureVoltage,5001
B1530Chn1MeasureCurrent,6001
B1530Chn2MeasureCurrent,6001
ResultGraphStyle,None
ResultGraphWidth,None
ResultGraphColor,None
AvailableDieMaps,[0, 1, 2, 3, 4]
LogOn,False
CurrentMeasurementType,Full Wafer
Prober,None
Matrix,None
ErrorList,["Variable 'WGFMU202MeasureDelay' does not exist in Configuration.", "Variable 'WGFMU202ForceDelay' does not exist in Configuration.", "Variable 'WGFMU202VoltageMeasureRange' does not exist in Configuration.", "Variable 'WGFMU202CurrentMeasureRange' does not exist in Configuration.", "Variable 'WGFMU201MeasureDelay' does not exist in Configuration.", "Variable 'WGFMU201ForceDelay' does not exist in Configuration.", "Variable 'WGFMU201VoltageMeasureRange' does not exist in Configuration.", "Variable 'WGFMU201CurrentMeasureRange' does not exist in Configuration.", "Variable 'WGFMU202MeasureDelay' does not exist in Configuration.", "Variable 'WGFMU202ForceDelay' does not exist in Configuration.", "Variable 'WGFMU202VoltageMeasureRange' does not exist in Configuration.", "Variable 'WGFMU202CurrentMeasureRange' does not exist in Configuration.", "Variable 'WGFMU201MeasureDelay' does not exist in Configuration.", "Variable 'WGFMU201ForceDelay' does not exist in Configuration.", "Variable 'WGFMU201VoltageMeasureRange' does not exist in Configuration.", "Variable 'WGFMU201CurrentMeasureRange' does not exist in Configuration.", "Variable 'WGFMU202MeasureDelay' does not exist in Configuration.", "Variable 'WGFMU202ForceDelay' does not exist in Configuration.", "Variable 'WGFMU202VoltageMeasureRange' does not exist in Configuration.", "Variable 'WGFMU202CurrentMeasureRange' does not exist in Configuration.", "Variable 'WGFMU201MeasureDelay' does not exist in Configuration.", "Variable 'WGFMU201ForceDelay' does not exist in Configuration.", "Variable 'WGFMU201VoltageMeasureRange' does not exist in Configuration.", "Variable 'WGFMU201CurrentMeasureRange' does not exist in Configuration.", "Variable 'WGFMU202MeasureDelay' does not exist in Configuration.", "Variable 'WGFMU202ForceDelay' does not exist in Configuration.", "Variable 'WGFMU202VoltageMeasureRange' does not exist in Configuration.", "Variable 'WGFMU202CurrentMeasureRange' does not exist in Configuration.", "Variable 'WGFMU201MeasureDelay' does not exist in Configuration.", "Variable 'WGFMU201ForceDelay' does not exist in Configuration.", "Variable 'WGFMU201VoltageMeasureRange' does not exist in Configuration.", "Variable 'WGFMU201CurrentMeasureRange' does not exist in Configuration.", 'None is not a Keysight Mainframe (i.e. B1500A)', "Variable '$ToolRank$_TCPIP0::192.168.0.9::inst0::INSTR' does not exist in Configuration.", "Variable '$ToolRank$_GPIB0::17::INSTR' does not exist in Configuration.", "Variable '$ToolRank$_GPIB0::10::INSTR' does not exist in Configuration.", "Variable '$ToolRank$_GPIB0::17::INSTR' does not exist in Configuration.", "Variable '$ADC$_$HR$_$N$' does not exist in Configuration.", "Variable '$ADC$_None_$HR$_$Mode$' does not exist in Configuration.", "Variable '$ADC$_$HS$_$N$' does not exist in Configuration.", "Variable '$ADC$_None_$HS$_$Mode$' does not exist in Configuration.", "Variable '$ADC$_GPIB0::17::INSTR_$SMU4$' does not exist in Configuration.", "Variable '$ADC$_GPIB0::17::INSTR_$SMU3$' does not exist in Configuration.", "Variable '$ADC$_GPIB0::17::INSTR_$SMU2$' does not exist in Configuration.", "Variable '$ADC$_GPIB0::17::INSTR_$SMU1$' does not exist in Configuration.", "Variable '$ADC$_$HR$_$N$' does not exist in Configuration.", "Variable '$ADC$_GPIB0::17::INSTR_$HR$_$Mode$' does not exist in Configuration.", "Variable '$ADC$_$HS$_$N$' does not exist in Configuration.", "Variable '$ADC$_GPIB0::17::INSTR_$HS$_$Mode$' does not exist in Configuration.", "Variable '$B1530A$_GPIB0::17::INSTR_202_ForceVoltageRange' does not exist in Configuration.", "Variable '$B1530A$_GPIB0::17::INSTR_202_ModeList' does not exist in Configuration.", "Variable '$B1530A$_GPIB0::17::INSTR_201_MeasureModeVoltage' does not exist in Configuration.", "Variable '$B1530A$_GPIB0::17::INSTR_201_MeasureMode' does not exist in Configuration.", "Variable '$B1530A$_GPIB0::17::INSTR_201_ForceVoltageRange' does not exist in Configuration.", "Variable '$B1530A$_GPIB0::17::INSTR_201_ModeList' does not exist in Configuration.", 'Spec File: -- does not exist.', 'WGFMU WGFMUUseGUI state could not be loaded', 'ConfigurationFile: Die File does not exist.', 'ConfigurationFile: Die File does not exist.', "Echar - getTools - PulseGenerator - 'NoneType' object is not subscriptable", 'Echar - getTools - PG 81110A - list index out of range', 'Error loading Measurement file C:\\Users\\ml260320\\Documents\\t-3000/Measurements/0807IBMMultiRead1.mfs.']
LogList,['You selected to use the Matrix but no Matrix Configuration is specified.', "Device Characterization: [{'Name': 'setDCVoltages', 'Folder': 'IV-Meas', 'ValueNames': [' SMUs', ' Voltages', ' Compliance'], 'Parameters': [[3], [1.2], [0.01]], 'Experiment': [False, False, False], 'Array': [True, True, True]}, {'Name': 'AnalogForm_PGBNC765', 'Folder': 'ReRAM_PG', 'ValueNames': [' PG Pulse Channel', ' Osc. Pulse Chan.', ' Osc. Ground Chan.', ' ExpReadCurrent', ' Vform', ' twidthForm', ' Vread', ' tread', ' Rform', ' MaxPulses', ' PowerSplitter'], 'Parameters': [3, '1B', '2B', 5e-05, 4.0, 0.001, -0.3, 0.0001, 4000.0, 10, False], 'Experiment': [False, False, False, False, False, False, False, False, False, False, False], 'Array': [False, False, False, False, False, False, False, False, False, False, False]}]", '9 Die/s will be measured.', 'Die: [-2, -2] will be measured', 'Dev: X0-Y0 will be measured', 'Matrix will not be used', 'True', "execute 'setDCVoltages' in Folder 'IV-Meas' with Parameters: [[3], [1.2], [0.01]]", 'True', "execute 'AnalogForm_PGBNC765' in Folder 'ReRAM_PG' with Parameters: [3, '1B', '2B', 5e-05, 4.0, 0.001, -0.3, 0.0001, 4000.0, 10, False]", 'Move to Next Measurement', 'Die: [-2, 0] will be measured', 'Dev: X0-Y0 will be measured', 'Matrix will not be used', 'True', "execute 'setDCVoltages' in Folder 'IV-Meas' with Parameters: [[3], [1.2], [0.01]]", 'True', "execute 'AnalogForm_PGBNC765' in Folder 'ReRAM_PG' with Parameters: [3, '1B', '2B', 5e-05, 4.0, 0.001, -0.3, 0.0001, 4000.0, 10, False]", 'Move to Next Measurement', 'Die: [-2, 2] will be measured', 'Dev: X0-Y0 will be measured', 'Matrix will not be used', 'True', "execute 'setDCVoltages' in Folder 'IV-Meas' with Parameters: [[3], [1.2], [0.01]]", 'True', "execute 'AnalogForm_PGBNC765' in Folder 'ReRAM_PG' with Parameters: [3, '1B', '2B', 5e-05, 4.0, 0.001, -0.3, 0.0001, 4000.0, 10, False]", 'Move to Next Measurement', 'Die: [0, -2] will be measured', 'Dev: X0-Y0 will be measured', 'Matrix will not be used', 'True', "execute 'setDCVoltages' in Folder 'IV-Meas' with Parameters: [[3], [1.2], [0.01]]", 'True', "execute 'AnalogForm_PGBNC765' in Folder 'ReRAM_PG' with Parameters: [3, '1B', '2B', 5e-05, 4.0, 0.001, -0.3, 0.0001, 4000.0, 10, False]", 'Move to Next Measurement', 'Die: [0, 0] will be measured', 'Dev: X0-Y0 will be measured', 'Matrix will not be used', 'True', "execute 'setDCVoltages' in Folder 'IV-Meas' with Parameters: [[3], [1.2], [0.01]]", 'True', "execute 'AnalogForm_PGBNC765' in Folder 'ReRAM_PG' with Parameters: [3, '1B', '2B', 5e-05, 4.0, 0.001, -0.3, 0.0001, 4000.0, 10, False]", 'Move to Next Measurement', 'Die: [0, 2] will be measured', 'Dev: X0-Y0 will be measured', 'Matrix will not be used', 'True', "execute 'setDCVoltages' in Folder 'IV-Meas' with Parameters: [[3], [1.2], [0.01]]", 'True', "execute 'AnalogForm_PGBNC765' in Folder 'ReRAM_PG' with Parameters: [3, '1B', '2B', 5e-05, 4.0, 0.001, -0.3, 0.0001, 4000.0, 10, False]", 'Move to Next Measurement', 'Die: [2, -2] will be measured', 'Dev: X0-Y0 will be measured', 'Matrix will not be used', 'True', "execute 'setDCVoltages' in Folder 'IV-Meas' with Parameters: [[3], [1.2], [0.01]]", 'True', "execute 'AnalogForm_PGBNC765' in Folder 'ReRAM_PG' with Parameters: [3, '1B', '2B', 5e-05, 4.0, 0.001, -0.3, 0.0001, 4000.0, 10, False]", 'Move to Next Measurement', 'Die: [2, 0] will be measured', 'Dev: X0-Y0 will be measured', 'Matrix will not be used', 'True', "execute 'setDCVoltages' in Folder 'IV-Meas' with Parameters: [[3], [1.2], [0.01]]", 'True', "execute 'AnalogForm_PGBNC765' in Folder 'ReRAM_PG' with Parameters: [3, '1B', '2B', 5e-05, 4.0, 0.001, -0.3, 0.0001, 4000.0, 10, False]", 'Move to Next Measurement', 'Die: [2, 2] will be measured', 'Dev: X0-Y0 will be measured', 'Matrix will not be used', 'True', "execute 'setDCVoltages' in Folder 'IV-Meas' with Parameters: [[3], [1.2], [0.01]]", 'True', "execute 'AnalogForm_PGBNC765' in Folder 'ReRAM_PG' with Parameters: [3, '1B', '2B', 5e-05, 4.0, 0.001, -0.3, 0.0001, 4000.0, 10, False]", 'Move to Next Measurement', 'You selected to use the Matrix but no Matrix Configuration is specified.', "Device Characterization: [{'Name': 'setDCVoltages', 'Folder': 'IV-Meas', 'ValueNames': [' SMUs', ' Voltages', ' Compliance'], 'Parameters': [[3], [1.2], [0.01]], 'Experiment': [False, False, False], 'Array': [True, True, True]}, {'Name': 'AnalogSwi_PGBNC765_Burst', 'Folder': 'ReRAM_PG', 'ValueNames': [' PG Pulse Chan. Set/Reset', ' PG Pulse Chan. Read', ' Osc. Pulse Chan.', ' Osc. Ground Chan.', ' Burst Pulse # Set', ' Burst Pulse # Reset', ' Exp. Read Current', ' Set Voltage', ' Reset Voltage', ' Pulse Period Width', ' Set Pulse Width', ' Reset Pulse Width', ' Read Voltage', ' Read Pulse Width', ' Pulse Delay Read', ' Res. Round', ' # of Repetitions', ' Power Splitter'], 'Parameters': [4, 3, '1B', '2B', 100, 100, 5e-05, 0.6, -0.9, 1.5e-05, 3e-10, 3e-10, -0.3, 1e-05, 1e-06, True, 10, True], 'Experiment': [False, False, False, False, False, False, False, False, False, False, False, False, False, False, False, False, False, False], 'Array': [False, False, False, False, False, False, False, False, False, False, False, False, False, False, False, False, False, False]}, {'Name': 'AnalogSwi_PGBNC765_Burst', 'Folder': 'ReRAM_PG', 'ValueNames': [' PG Pulse Chan. Set/Reset', ' PG Pulse Chan. Read', ' Osc. Pulse Chan.', ' Osc. Ground Chan.', ' Burst Pulse # Set', ' Burst Pulse # Reset', ' Exp. Read Current', ' Set Voltage', ' Reset Voltage', ' Pulse Period Width', ' Set Pulse Width', ' Reset Pulse Width', ' Read Voltage', ' Read Pulse Width', ' Pulse Delay Read', ' Res. Round', ' # of Repetitions', ' Power Splitter'], 'Parameters': [4, 3, '1B', '2B', 100, 100, 5e-05, 0.8, -0.9, 1.5e-05, 3e-10, 3e-10, -0.3, 1e-05, 1e-06, True, 10, True], 'Experiment': [False, False, False, False, False, False, False, False, False, False, False, False, False, False, False, False, False, False], 'Array': [False, False, False, False, False, False, False, False, False, False, False, False, False, False, False, False, False, False]}, {'Name': 'AnalogSwi_PGBNC765_Burst', 'Folder': 'ReRAM_PG', 'ValueNames': [' PG Pulse Chan. Set/Reset', ' PG Pulse Chan. Read', ' Osc. Pulse Chan.', ' Osc. Ground Chan.', ' Burst Pulse # Set', ' Burst Pulse # Reset', ' Exp. Read Current', ' Set Voltage', ' Reset Voltage', ' Pulse Period Width', ' Set Pulse Width', ' Reset Pulse Width', ' Read Voltage', ' Read Pulse Width', ' Pulse Delay Read', ' Res. Round', ' # of Repetitions', ' Power Splitter'], 'Parameters': [4, 3, '1B', '2B', 100, 100, 5e-05, 1.0, -0.9, 1.5e-05, 3e-10, 3e-10, -0.3, 1e-05, 1e-06, True, 10, True], 'Experiment': [False, False, False, False, False, False, False, False, False, False, False, False, False, False, False, False, False, False], 'Array': [False, False, False, False, False, False, False, False, False, False, False, False, False, False, False, False, False, False]}, {'Name': 'AnalogSwi_PGBNC765_Burst', 'Folder': 'ReRAM_PG', 'ValueNames': [' PG Pulse Chan. Set/Reset', ' PG Pulse Chan. Read', ' Osc. Pulse Chan.', ' Osc. Ground Chan.', ' Burst Pulse # Set', ' Burst Pulse # Reset', ' Exp. Read Current', ' Set Voltage', ' Reset Voltage', ' Pulse Period Width', ' Set Pulse Width', ' Reset Pulse Width', ' Read Voltage', ' Read Pulse Width', ' Pulse Delay Read', ' Res. Round', ' # of Repetitions', ' Power Splitter'], 'Parameters': [4, 3, '1B', '2B', 100, 100, 5e-05, 1.2, -0.9, 1.5e-05, 3e-10, 3e-10, -0.3, 1e-05, 1e-06, True, 10, True], 'Experiment': [False, False, False, False, False, False, False, False, False, False, False, False, False, False, False, False, False, False], 'Array': [False, False, False, False, False, False, False, False, False, False, False, False, False, False, False, False, False, False]}, {'Name': 'AnalogSwi_PGBNC765_Burst', 'Folder': 'ReRAM_PG', 'ValueNames': [' PG Pulse Chan. Set/Reset', ' PG Pulse Chan. Read', ' Osc. Pulse Chan.', ' Osc. Ground Chan.', ' Burst Pulse # Set', ' Burst Pulse # Reset', ' Exp. Read Current', ' Set Voltage', ' Reset Voltage', ' Pulse Period Width', ' Set Pulse Width', ' Reset Pulse Width', ' Read Voltage', ' Read Pulse Width', ' Pulse Delay Read', ' Res. Round', ' # of Repetitions', ' Power Splitter'], 'Parameters': [4, 3, '1B', '2B', 100, 100, 5e-05, 0.6, -1.1, 1.5e-05, 3e-10, 3e-10, -0.3, 1e-05, 1e-06, True, 10, True], 'Experiment': [False, False, False, False, False, False, False, False, False, False, False, False, False, False, False, False, False, False], 'Array': [False, False, False, False, False, False, False, False, False, False, False, False, False, False, False, False, False, False]}, {'Name': 'AnalogSwi_PGBNC765_Burst', 'Folder': 'ReRAM_PG', 'ValueNames': [' PG Pulse Chan. Set/Reset', ' PG Pulse Chan. Read', ' Osc. Pulse Chan.', ' Osc. Ground Chan.', ' Burst Pulse # Set', ' Burst Pulse # Reset', ' Exp. Read Current', ' Set Voltage', ' Reset Voltage', ' Pulse Period Width', ' Set Pulse Width', ' Reset Pulse Width', ' Read Voltage', ' Read Pulse Width', ' Pulse Delay Read', ' Res. Round', ' # of Repetitions', ' Power Splitter'], 'Parameters': [4, 3, '1B', '2B', 100, 100, 5e-05, 0.8, -1.1, 1.5e-05, 3e-10, 3e-10, -0.3, 1e-05, 1e-06, True, 10, True], 'Experiment': [False, False, False, False, False, False, False, False, False, False, False, False, False, False, False, False, False, False], 'Array': [False, False, False, False, False, False, False, False, False, False, False, False, False, False, False, False, False, False]}, {'Name': 'AnalogSwi_PGBNC765_Burst', 'Folder': 'ReRAM_PG', 'ValueNames': [' PG Pulse Chan. Set/Reset', ' PG Pulse Chan. Read', ' Osc. Pulse Chan.', ' Osc. Ground Chan.', ' Burst Pulse # Set', ' Burst Pulse # Reset', ' Exp. Read Current', ' Set Voltage', ' Reset Voltage', ' Pulse Period Width', ' Set Pulse Width', ' Reset Pulse Width', ' Read Voltage', ' Read Pulse Width', ' Pulse Delay Read', ' Res. Round', ' # of Repetitions', ' Power Splitter'], 'Parameters': [4, 3, '1B', '2B', 100, 100, 5e-05, 1.0, -1.1, 1.5e-05, 3e-10, 3e-10, -0.3, 1e-05, 1e-06, True, 10, True], 'Experiment': [False, False, False, False, False, False, False, False, False, False, False, False, False, False, False, False, False, False], 'Array': [False, False, False, False, False, False, False, False, False, False, False, False, False, False, False, False, False, False]}, {'Name': 'AnalogSwi_PGBNC765_Burst', 'Folder': 'ReRAM_PG', 'ValueNames': [' PG Pulse Chan. Set/Reset', ' PG Pulse Chan. Read', ' Osc. Pulse Chan.', ' Osc. Ground Chan.', ' Burst Pulse # Set', ' Burst Pulse # Reset', ' Exp. Read Current', ' Set Voltage', ' Reset Voltage', ' Pulse Period Width', ' Set Pulse Width', ' Reset Pulse Width', ' Read Voltage', ' Read Pulse Width', ' Pulse Delay Read', ' Res. Round', ' # of Repetitions', ' Power Splitter'], 'Parameters': [4, 3, '1B', '2B', 100, 100, 5e-05, 1.2, -1.1, 1.5e-05, 3e-10, 3e-10, -0.3, 1e-05, 1e-06, True, 10, True], 'Experiment': [False, False, False, False, False, False, False, False, False, False, False, False, False, False, False, False, False, False], 'Array': [False, False, False, False, False, False, False, False, False, False, False, False, False, False, False, False, False, False]}, {'Name': 'AnalogSwi_PGBNC765_Burst', 'Folder': 'ReRAM_PG', 'ValueNames': [' PG Pulse Chan. Set/Reset', ' PG Pulse Chan. Read', ' Osc. Pulse Chan.', ' Osc. Ground Chan.', ' Burst Pulse # Set', ' Burst Pulse # Reset', ' Exp. Read Current', ' Set Voltage', ' Reset Voltage', ' Pulse Period Width', ' Set Pulse Width', ' Reset Pulse Width', ' Read Voltage', ' Read Pulse Width', ' Pulse Delay Read', ' Res. Round', ' # of Repetitions', ' Power Splitter'], 'Parameters': [4, 3, '1B', '2B', 100, 100, 5e-05, 0.6, -1.3, 1.5e-05, 3e-10, 3e-10, -0.3, 1e-05, 1e-06, True, 10, True], 'Experiment': [False, False, False, False, False, False, False, False, False, False, False, False, False, False, False, False, False, False], 'Array': [False, False, False, False, False, False, False, False, False, False, False, False, False, False, False, False, False, False]}, {'Name': 'AnalogSwi_PGBNC765_Burst', 'Folder': 'ReRAM_PG', 'ValueNames': [' PG Pulse Chan. Set/Reset', ' PG Pulse Chan. Read', ' Osc. Pulse Chan.', ' Osc. Ground Chan.', ' Burst Pulse # Set', ' Burst Pulse # Reset', ' Exp. Read Current', ' Set Voltage', ' Reset Voltage', ' Pulse Period Width', ' Set Pulse Width', ' Reset Pulse Width', ' Read Voltage', ' Read Pulse Width', ' Pulse Delay Read', ' Res. Round', ' # of Repetitions', ' Power Splitter'], 'Parameters': [4, 3, '1B', '2B', 100, 100, 5e-05, 0.8, -1.3, 1.5e-05, 3e-10, 3e-10, -0.3, 1e-05, 1e-06, True, 10, True], 'Experiment': [False, False, False, False, False, False, False, False, False, False, False, False, False, False, False, False, False, False], 'Array': [False, False, False, False, False, False, False, False, False, False, False, False, False, False, False, False, False, False]}, {'Name': 'AnalogSwi_PGBNC765_Burst', 'Folder': 'ReRAM_PG', 'ValueNames': [' PG Pulse Chan. Set/Reset', ' PG Pulse Chan. Read', ' Osc. Pulse Chan.', ' Osc. Ground Chan.', ' Burst Pulse # Set', ' Burst Pulse # Reset', ' Exp. Read Current', ' Set Voltage', ' Reset Voltage', ' Pulse Period Width', ' Set Pulse Width', ' Reset Pulse Width', ' Read Voltage', ' Read Pulse Width', ' Pulse Delay Read', ' Res. Round', ' # of Repetitions', ' Power Splitter'], 'Parameters': [4, 3, '1B', '2B', 100, 100, 5e-05, 1.0, -1.3, 1.5e-05, 3e-10, 3e-10, -0.3, 1e-05, 1e-06, True, 10, True], 'Experiment': [False, False, False, False, False, False, False, False, False, False, False, False, False, False, False, False, False, False], 'Array': [False, False, False, False, False, False, False, False, False, False, False, False, False, False, False, False, False, False]}, {'Name': 'AnalogSwi_PGBNC765_Burst', 'Folder': 'ReRAM_PG', 'ValueNames': [' PG Pulse Chan. Set/Reset', ' PG Pulse Chan. Read', ' Osc. Pulse Chan.', ' Osc. Ground Chan.', ' Burst Pulse # Set', ' Burst Pulse # Reset', ' Exp. Read Current', ' Set Voltage', ' Reset Voltage', ' Pulse Period Width', ' Set Pulse Width', ' Reset Pulse Width', ' Read Voltage', ' Read Pulse Width', ' Pulse Delay Read', ' Res. Round', ' # of Repetitions', ' Power Splitter'], 'Parameters': [4, 3, '1B', '2B', 100, 100, 5e-05, 1.2, -1.3, 1.5e-05, 3e-10, 3e-10, -0.3, 1e-05, 1e-06, True, 10, True], 'Experiment': [False, False, False, False, False, False, False, False, False, False, False, False, False, False, False, False, False, False], 'Array': [False, False, False, False, False, False, False, False, False, False, False, False, False, False, False, False, False, False]}, {'Name': 'AnalogSwi_PGBNC765_Burst', 'Folder': 'ReRAM_PG', 'ValueNames': [' PG Pulse Chan. Set/Reset', ' PG Pulse Chan. Read', ' Osc. Pulse Chan.', ' Osc. Ground Chan.', ' Burst Pulse # Set', ' Burst Pulse # Reset', ' Exp. Read Current', ' Set Voltage', ' Reset Voltage', ' Pulse Period Width', ' Set Pulse Width', ' Reset Pulse Width', ' Read Voltage', ' Read Pulse Width', ' Pulse Delay Read', ' Res. Round', ' # of Repetitions', ' Power Splitter'], 'Parameters': [4, 3, '1B', '2B', 100, 100, 5e-05, 0.6, -0.9, 1.5e-05, 1e-09, 1e-09, -0.3, 1e-05, 1e-06, True, 10, True], 'Experiment': [False, False, False, False, False, False, False, False, False, False, False, False, False, False, False, False, False, False], 'Array': [False, False, False, False, False, False, False, False, False, False, False, False, False, False, False, False, False, False]}, {'Name': 'AnalogSwi_PGBNC765_Burst', 'Folder': 'ReRAM_PG', 'ValueNames': [' PG Pulse Chan. Set/Reset', ' PG Pulse Chan. Read', ' Osc. Pulse Chan.', ' Osc. Ground Chan.', ' Burst Pulse # Set', ' Burst Pulse # Reset', ' Exp. Read Current', ' Set Voltage', ' Reset Voltage', ' Pulse Period Width', ' Set Pulse Width', ' Reset Pulse Width', ' Read Voltage', ' Read Pulse Width', ' Pulse Delay Read', ' Res. Round', ' # of Repetitions', ' Power Splitter'], 'Parameters': [4, 3, '1B', '2B', 100, 100, 5e-05, 0.8, -0.9, 1.5e-05, 1e-09, 1e-09, -0.3, 1e-05, 1e-06, True, 10, True], 'Experiment': [False, False, False, False, False, False, False, False, False, False, False, False, False, False, False, False, False, False], 'Array': [False, False, False, False, False, False, False, False, False, False, False, False, False, False, False, False, False, False]}, {'Name': 'AnalogSwi_PGBNC765_Burst', 'Folder': 'ReRAM_PG', 'ValueNames': [' PG Pulse Chan. Set/Reset', ' PG Pulse Chan. Read', ' Osc. Pulse Chan.', ' Osc. Ground Chan.', ' Burst Pulse # Set', ' Burst Pulse # Reset', ' Exp. Read Current', ' Set Voltage', ' Reset Voltage', ' Pulse Period Width', ' Set Pulse Width', ' Reset Pulse Width', ' Read Voltage', ' Read Pulse Width', ' Pulse Delay Read', ' Res. Round', ' # of Repetitions', ' Power Splitter'], 'Parameters': [4, 3, '1B', '2B', 100, 100, 5e-05, 1.0, -0.9, 1.5e-05, 1e-09, 1e-09, -0.3, 1e-05, 1e-06, True, 10, True], 'Experiment': [False, False, False, False, False, False, False, False, False, False, False, False, False, False, False, False, False, False], 'Array': [False, False, False, False, False, False, False, False, False, False, False, False, False, False, False, False, False, False]}, {'Name': 'AnalogSwi_PGBNC765_Burst', 'Folder': 'ReRAM_PG', 'ValueNames': [' PG Pulse Chan. Set/Reset', ' PG Pulse Chan. Read', ' Osc. Pulse Chan.', ' Osc. Ground Chan.', ' Burst Pulse # Set', ' Burst Pulse # Reset', ' Exp. Read Current', ' Set Voltage', ' Reset Voltage', ' Pulse Period Width', ' Set Pulse Width', ' Reset Pulse Width', ' Read Voltage', ' Read Pulse Width', ' Pulse Delay Read', ' Res. Round', ' # of Repetitions', ' Power Splitter'], 'Parameters': [4, 3, '1B', '2B', 100, 100, 5e-05, 1.2, -0.9, 1.5e-05, 1e-09, 1e-09, -0.3, 1e-05, 1e-06, True, 10, True], 'Experiment': [False, False, False, False, False, False, False, False, False, False, False, False, False, False, False, False, False, False], 'Array': [False, False, False, False, False, False, False, False, False, False, False, False, False, False, False, False, False, False]}, {'Name': 'AnalogSwi_PGBNC765_Burst', 'Folder': 'ReRAM_PG', 'ValueNames': [' PG Pulse Chan. Set/Reset', ' PG Pulse Chan. Read', ' Osc. Pulse Chan.', ' Osc. Ground Chan.', ' Burst Pulse # Set', ' Burst Pulse # Reset', ' Exp. Read Current', ' Set Voltage', ' Reset Voltage', ' Pulse Period Width', ' Set Pulse Width', ' Reset Pulse Width', ' Read Voltage', ' Read Pulse Width', ' Pulse Delay Read', ' Res. Round', ' # of Repetitions', ' Power Splitter'], 'Parameters': [4, 3, '1B', '2B', 100, 100, 5e-05, 0.6, -1.1, 1.5e-05, 1e-09, 1e-09, -0.3, 1e-05, 1e-06, True, 10, True], 'Experiment': [False, False, False, False, False, False, False, False, False, False, False, False, False, False, False, False, False, False], 'Array': [False, False, False, False, False, False, False, False, False, False, False, False, False, False, False, False, False, False]}, {'Name': 'AnalogSwi_PGBNC765_Burst', 'Folder': 'ReRAM_PG', 'ValueNames': [' PG Pulse Chan. Set/Reset', ' PG Pulse Chan. Read', ' Osc. Pulse Chan.', ' Osc. Ground Chan.', ' Burst Pulse # Set', ' Burst Pulse # Reset', ' Exp. Read Current', ' Set Voltage', ' Reset Voltage', ' Pulse Period Width', ' Set Pulse Width', ' Reset Pulse Width', ' Read Voltage', ' Read Pulse Width', ' Pulse Delay Read', ' Res. Round', ' # of Repetitions', ' Power Splitter'], 'Parameters': [4, 3, '1B', '2B', 100, 100, 5e-05, 0.8, -1.1, 1.5e-05, 1e-09, 1e-09, -0.3, 1e-05, 1e-06, True, 10, True], 'Experiment': [False, False, False, False, False, False, False, False, False, False, False, False, False, False, False, False, False, False], 'Array': [False, False, False, False, False, False, False, False, False, False, False, False, False, False, False, False, False, False]}, {'Name': 'AnalogSwi_PGBNC765_Burst', 'Folder': 'ReRAM_PG', 'ValueNames': [' PG Pulse Chan. Set/Reset', ' PG Pulse Chan. Read', ' Osc. Pulse Chan.', ' Osc. Ground Chan.', ' Burst Pulse # Set', ' Burst Pulse # Reset', ' Exp. Read Current', ' Set Voltage', ' Reset Voltage', ' Pulse Period Width', ' Set Pulse Width', ' Reset Pulse Width', ' Read Voltage', ' Read Pulse Width', ' Pulse Delay Read', ' Res. Round', ' # of Repetitions', ' Power Splitter'], 'Parameters': [4, 3, '1B', '2B', 100, 100, 5e-05, 1.0, -1.1, 1.5e-05, 1e-09, 1e-09, -0.3, 1e-05, 1e-06, True, 10, True], 'Experiment': [False, False, False, False, False, False, False, False, False, False, False, False, False, False, False, False, False, False], 'Array': [False, False, False, False, False, False, False, False, False, False, False, False, False, False, False, False, False, False]}, {'Name': 'AnalogSwi_PGBNC765_Burst', 'Folder': 'ReRAM_PG', 'ValueNames': [' PG Pulse Chan. Set/Reset', ' PG Pulse Chan. Read', ' Osc. Pulse Chan.', ' Osc. Ground Chan.', ' Burst Pulse # Set', ' Burst Pulse # Reset', ' Exp. Read Current', ' Set Voltage', ' Reset Voltage', ' Pulse Period Width', ' Set Pulse Width', ' Reset Pulse Width', ' Read Voltage', ' Read Pulse Width', ' Pulse Delay Read', ' Res. Round', ' # of Repetitions', ' Power Splitter'], 'Parameters': [4, 3, '1B', '2B', 100, 100, 5e-05, 1.2, -1.1, 1.5e-05, 1e-09, 1e-09, -0.3, 1e-05, 1e-06, True, 10, True], 'Experiment': [False, False, False, False, False, False, False, False, False, False, False, False, False, False, False, False, False, False], 'Array': [False, False, False, False, False, False, False, False, False, False, False, False, False, False, False, False, False, False]}, {'Name': 'AnalogSwi_PGBNC765_Burst', 'Folder': 'ReRAM_PG', 'ValueNames': [' PG Pulse Chan. Set/Reset', ' PG Pulse Chan. Read', ' Osc. Pulse Chan.', ' Osc. Ground Chan.', ' Burst Pulse # Set', ' Burst Pulse # Reset', ' Exp. Read Current', ' Set Voltage', ' Reset Voltage', ' Pulse Period Width', ' Set Pulse Width', ' Reset Pulse Width', ' Read Voltage', ' Read Pulse Width', ' Pulse Delay Read', ' Res. Round', ' # of Repetitions', ' Power Splitter'], 'Parameters': [4, 3, '1B', '2B', 100, 100, 5e-05, 0.6, -1.3, 1.5e-05, 1e-09, 1e-09, -0.3, 1e-05, 1e-06, True, 10, True], 'Experiment': [False, False, False, False, False, False, False, False, False, False, False, False, False, False, False, False, False, False], 'Array': [False, False, False, False, False, False, False, False, False, False, False, False, False, False, False, False, False, False]}, {'Name': 'AnalogSwi_PGBNC765_Burst', 'Folder': 'ReRAM_PG', 'ValueNames': [' PG Pulse Chan. Set/Reset', ' PG Pulse Chan. Read', ' Osc. Pulse Chan.', ' Osc. Ground Chan.', ' Burst Pulse # Set', ' Burst Pulse # Reset', ' Exp. Read Current', ' Set Voltage', ' Reset Voltage', ' Pulse Period Width', ' Set Pulse Width', ' Reset Pulse Width', ' Read Voltage', ' Read Pulse Width', ' Pulse Delay Read', ' Res. Round', ' # of Repetitions', ' Power Splitter'], 'Parameters': [4, 3, '1B', '2B', 100, 100, 5e-05, 0.8, -1.3, 1.5e-05, 1e-09, 1e-09, -0.3, 1e-05, 1e-06, True, 10, True], 'Experiment': [False, False, False, False, False, False, False, False, False, False, False, False, False, False, False, False, False, False], 'Array': [False, False, False, False, False, False, False, False, False, False, False, False, False, False, False, False, False, False]}, {'Name': 'AnalogSwi_PGBNC765_Burst', 'Folder': 'ReRAM_PG', 'ValueNames': [' PG Pulse Chan. Set/Reset', ' PG Pulse Chan. Read', ' Osc. Pulse Chan.', ' Osc. Ground Chan.', ' Burst Pulse # Set', ' Burst Pulse # Reset', ' Exp. Read Current', ' Set Voltage', ' Reset Voltage', ' Pulse Period Width', ' Set Pulse Width', ' Reset Pulse Width', ' Read Voltage', ' Read Pulse Width', ' Pulse Delay Read', ' Res. Round', ' # of Repetitions', ' Power Splitter'], 'Parameters': [4, 3, '1B', '2B', 100, 100, 5e-05, 1.0, -1.3, 1.5e-05, 1e-09, 1e-09, -0.3, 1e-05, 1e-06, True, 10, True], 'Experiment': [False, False, False, False, False, False, False, False, False, False, False, False, False, False, False, False, False, False], 'Array': [False, False, False, False, False, False, False, False, False, False, False, False, False, False, False, False, False, False]}, {'Name': 'AnalogSwi_PGBNC765_Burst', 'Folder': 'ReRAM_PG', 'ValueNames': [' PG Pulse Chan. Set/Reset', ' PG Pulse Chan. Read', ' Osc. Pulse Chan.', ' Osc. Ground Chan.', ' Burst Pulse # Set', ' Burst Pulse # Reset', ' Exp. Read Current', ' Set Voltage', ' Reset Voltage', ' Pulse Period Width', ' Set Pulse Width', ' Reset Pulse Width', ' Read Voltage', ' Read Pulse Width', ' Pulse Delay Read', ' Res. Round', ' # of Repetitions', ' Power Splitter'], 'Parameters': [4, 3, '1B', '2B', 100, 100, 5e-05, 1.2, -1.3, 1.5e-05, 1e-09, 1e-09, -0.3, 1e-05, 1e-06, True, 10, True], 'Experiment': [False, False, False, False, False, False, False, False, False, False, False, False, False, False, False, False, False, False], 'Array': [False, False, False, False, False, False, False, False, False, False, False, False, False, False, False, False, False, False]}]", '9 Die/s will be measured.', 'Die: [-2, -2] will be measured', 'Dev: X0-Y0 will be measured', 'Matrix will not be used', 'True', "execute 'setDCVoltages' in Folder 'IV-Meas' with Parameters: [[3], [1.2], [0.01]]", 'True', "execute 'AnalogSwi_PGBNC765_Burst' in Folder 'ReRAM_PG' with Parameters: [4, 3, '1B', '2B', 100, 100, 5e-05, 0.6, -0.9, 1.5e-05, 3e-10, 3e-10, -0.3, 1e-05, 1e-06, True, 10, True]", 'True', "execute 'AnalogSwi_PGBNC765_Burst' in Folder 'ReRAM_PG' with Parameters: [4, 3, '1B', '2B', 100, 100, 5e-05, 0.8, -0.9, 1.5e-05, 3e-10, 3e-10, -0.3, 1e-05, 1e-06, True, 10, True]", 'True', "execute 'AnalogSwi_PGBNC765_Burst' in Folder 'ReRAM_PG' with Parameters: [4, 3, '1B', '2B', 100, 100, 5e-05, 1.0, -0.9, 1.5e-05, 3e-10, 3e-10, -0.3, 1e-05, 1e-06, True, 10, True]", 'True', "execute 'AnalogSwi_PGBNC765_Burst' in Folder 'ReRAM_PG' with Parameters: [4, 3, '1B', '2B', 100, 100, 5e-05, 1.2, -0.9, 1.5e-05, 3e-10, 3e-10, -0.3, 1e-05, 1e-06, True, 10, True]", 'True', "execute 'AnalogSwi_PGBNC765_Burst' in Folder 'ReRAM_PG' with Parameters: [4, 3, '1B', '2B', 100, 100, 5e-05, 0.6, -1.1, 1.5e-05, 3e-10, 3e-10, -0.3, 1e-05, 1e-06, True, 10, True]", 'True', "execute 'AnalogSwi_PGBNC765_Burst' in Folder 'ReRAM_PG' with Parameters: [4, 3, '1B', '2B', 100, 100, 5e-05, 0.8, -1.1, 1.5e-05, 3e-10, 3e-10, -0.3, 1e-05, 1e-06, True, 10, True]", 'True', "execute 'AnalogSwi_PGBNC765_Burst' in Folder 'ReRAM_PG' with Parameters: [4, 3, '1B', '2B', 100, 100, 5e-05, 1.0, -1.1, 1.5e-05, 3e-10, 3e-10, -0.3, 1e-05, 1e-06, True, 10, True]", 'True', "execute 'AnalogSwi_PGBNC765_Burst' in Folder 'ReRAM_PG' with Parameters: [4, 3, '1B', '2B', 100, 100, 5e-05, 1.2, -1.1, 1.5e-05, 3e-10, 3e-10, -0.3, 1e-05, 1e-06, True, 10, True]", 'True']
WGFMU201ModeList,2002
WGFMU202ModeList,2001
WGFMU201ForceVoltageRange,3002
WGFMU202ForceVoltageRange,3002
WGFMU201MeasureMode,4000
WGFMU202MeasureMode,4001
WGFMU202MeasureModeCurrent,6004
WGFMU201MeasureModeVoltage,5002
WGFMU202MeasureModeVoltage,5002
WGFMU201MeasureModeCurrent,6004
WGFMUUseGUI,True
InititalMeasurement,1T1RRFIBMBurst0805
InfoLogSave,True
$ADC$_GPIB0::18::INSTR_$SMU1$,1
$ADC$_GPIB0::18::INSTR_$SMU2$,1
$ADC$_GPIB0::18::INSTR_$SMU3$,1
$ADC$_GPIB0::18::INSTR_$SMU4$,1
MainWindowX,0
MainWindowY,0
MainWindowMon,0
ResultWindowX,800
ResultWindowY,0
ResultWindowMon,0
$ToolRank$_TCPIP0::AT::inst0::INSTR,2
$ToolRank$_TCPIP0::LCRY0716N48350::inst0::INSTR,1
$B1530A$_GPIB0::17::INSTR_202_MeasureMode,4001
$B1530A$_GPIB0::17::INSTR_202_MeasureModeCurrent,6004
Specs,None
$B1530A$_GPIB0::17::INSTR_201_ModeList,PG
$B1530A$_GPIB0::17::INSTR_201_ForceVoltageRange,Auto
$B1530A$_GPIB0::17::INSTR_201_MeasureMode,Voltage
$B1530A$_GPIB0::17::INSTR_201_MeasureModeVoltage,10V
$B1530A$_GPIB0::17::INSTR_202_ModeList,PG
$B1530A$_GPIB0::17::INSTR_202_ForceVoltageRange,Auto
